{
  "8192": {
    "9011": {
      "0.001953125": [
        0.3280029296875, 
        0.00177001953125
      ], 
      "0.00390625": [
        0.408721923828125, 
        0.002716064453125
      ], 
      "0.0078125": [
        0.454376220703125, 
        0.005889892578125
      ], 
      "0.015625": [
        0.479827880859375, 
        0.0034637451171875
      ], 
      "0.03125": [
        0.49053955078125, 
        0.002349853515625
      ], 
      "0.0625": [
        0.494049072265625, 
        0.003082275390625
      ], 
      "0.125": [
        0.5003662109375, 
        0.0052490234375
      ], 
      "0.25": [
        0.499176025390625, 
        0.0043792724609375
      ]
    }
  }
}

